id,title,link,platform,difficulty,topic,status,notes,date_solved,date_added,video_link,code
79edfee5,Find eventual safe states,https://leetcode.com/problems/find-eventual-safe-states/description/,leetcode,medium,Graph,solved,[STRIVER HARD] Just reverse the edges of the directed graph and find the topo Sort using Kahn's algo and return that,2026-09-23,2026-09-23,https://www.youtube.com/watch?v=2gtg3VsDGyc,"class Solution {
public:
    vector<int> eventualSafeNodes(vector<vector<int>>& graph) {
        //reverse the direction of edges also calculate indegree simultaneously
        vector<int> indegree(graph.size(), 0);
        vector<vector<int>> reverseGraph(graph.size());
        for(int from = 0; from < graph.size(); ++from){
            for(auto& to : graph[from]){
                reverseGraph[to].push_back(from);
                indegree[from]++;
            }
        }

        //find topo sort of this reverse graph so that we'll get all the nodes connecting to the one with reverse indegree 0 (i.e actual outdegree 0 = terminal nodes) and those are the safe spots and cycle will be left alone here

        vector<int> topoSort;
        queue<int> q;
        for(int node = 0; node<indegree.size(); ++node) if (!indegree[node]) q.push(node);

        while(!q.empty()){
            int node = q.front();
            q.pop();
            topoSort.push_back(node);

            // relax the indegrees of the neighbours
            for(auto& nbr : reverseGraph[node]){
                if(--indegree[nbr] == 0) q.push({nbr});
            }
        }
        sort(topoSort.begin(), topoSort.end());
        return topoSort;
    }
};"
47b13e21,Course Schedule I,https://leetcode.com/problems/course-schedule/description/,leetcode,medium,Graph,solved,"[STRIVER HARD] Just form the directed graph and see if there is a cycle or not, return 1 if not",2026-09-23,2026-09-24,https://www.youtube.com/watch?v=WAOfKpxYHR8,"class Solution {
public:
    bool canFinish(int numCourses, vector<vector<int>>& prerequisites) {

    vector<vector<int>> adj(numCourses);
    vector<int> indegree(numCourses, 0);


    //detecting cycle using toposort
    for(auto& prereq : prerequisites){
        adj[prereq[1]].push_back(prereq[0]);
        indegree[prereq[0]]++;
    }

    queue<int> q;

    for(int i = 0; i<numCourses; i++){
        if(indegree[i] == 0)
            q.push(i);
    }

    int cnt = 0;
    while(!q.empty()){
        int node = q.front();
        q.pop();
        cnt++;

        for(auto& neighbour : adj[node]){
            indegree[neighbour]--;

            if(indegree[neighbour] == 0)
                q.push(neighbour);
        }
    }
    return cnt == numCourses;
}
};"
fe19e00c,Word ladder II,https://leetcode.com/problems/word-ladder-ii/description/,leetcode,hard,Graph,solved,"[STRIVER HARD] See the code or video for better understanding - one approach is to save the word seq. as well into the queue (but that gives TLE) - optimised approach handles this by recording what all words occur at each level then if we reached the endWord we stop the bfs, then back track from the last word to see which all words in the prev level is valid and reconstruct the sequence",2026-09-23,2026-09-24,https://www.youtube.com/watch?v=AD4SFl7tu7I,"class Solution {
private:
    bool canBeNextWord(string word, string nextWord){
        int diff = 0;
        for(int i = 0; i<word.size(); ++i){
            diff += min(1,abs(word[i] - nextWord[i])); // if same letter then nothing happens else 1 gets added
            if (diff>1) return false;
        }
        return diff;
    }
    void dfs(int level, vector<unordered_set<string>>& wordsAtLevel, vector<string> seq, vector<vector<string>>& ans){
        // we have reached level 0 by tracing out valid words so this is a valid seq
        if (level == 0){
            seq.push_back(*wordsAtLevel[0].begin()); // pushing beginWord
            reverse(seq.begin(), seq.end());
            ans.push_back(seq);
            return;
        }

        for(auto word : wordsAtLevel[level]){
            if(canBeNextWord(seq.back(), word)){
                seq.push_back(word);
                dfs(level-1, wordsAtLevel, seq, ans);
                seq.pop_back();
            }
        }
        return;
    }

public:
    vector<vector<string>> findLadders(string beginWord, string endWord, vector<string>& wordList) {
        vector<vector<string>> ans;

        //storing in the set for ~O(1) lookup
        unordered_set<string> words(wordList.begin(), wordList.end());
        if (words.find(endWord) == words.end()) return ans;

        vector<unordered_set<string>> wordsAtLevel(500); // stores level-> set{words};
        queue<pair<string, int>> q; // queue for BFS traversal stores {word, level}
        q.push({beginWord, 0});
        if(words.find(beginWord)!= words.end()) words.erase(beginWord);

        int prevLevel = 0;

        while(!q.empty()){
            auto [word, level] = q.front();
            q.pop();
            wordsAtLevel[level].insert(word);

            if(level > prevLevel){// we have completely explored all the words at previous level and now clear them from the set
                ++prevLevel;
            }

            if (word == endWord) break;

            //search for all possible words for next level form the words at this level
            for(int i = 0; i<word.size(); ++i){
                for(char c = 'a'; c<='z'; ++c){
                    string newWord = word;
                    newWord[i] = c;
                    if(words.find(newWord) != words.end()){ // formed a valid word to be inserted
                        q.push({newWord, level+1});
                        words.erase(newWord);
                    }
                }
            }
        }

        // form the final sequences and insert them into the ans
        if (wordsAtLevel[prevLevel].find(endWord) == wordsAtLevel[prevLevel].end()) return ans; // not enough words in the set to go to the last word
        vector<string> seq;
        seq.push_back(endWord);
        dfs(prevLevel-1, wordsAtLevel, seq, ans);

        return ans;
    }
};"
b4ca4ec6,Course Schedule II,https://leetcode.com/problems/course-schedule-ii/description/,leetcode,medium,Graph,solved,[STRIVER HARD] Just form the adj matrix and return topo sort this time if no cycle present,2026-09-23,2026-09-24,https://www.youtube.com/watch?v=WAOfKpxYHR8,"class Solution {
public:
    vector<int> findOrder(int numCourses, vector<vector<int>>& prerequisites) {
        // form an adj matrix of this directed graph vertex -> {vertices}
        vector<vector<int>> adj(numCourses);
        for(int i = 0; i<prerequisites.size(); i++) adj[prerequisites[i][1]].push_back(prerequisites[i][0]);

        //calculate toposort via kahn's algo
        vector<int> indegree(numCourses, 0);
        vector<int> topo;
        queue<int> q;

        for(int i = 0; i<numCourses; i++) for(auto it: adj[i]) indegree[it]++; //populating indegree vector
        for(int i = 0; i<numCourses; i++) if(!indegree[i]) q.push(i); //pushing all the 0 indegree ones

        while(!q.empty()){
            int node = q.front();
            topo.push_back(node);
            q.pop();

            for(auto it: adj[node]) {
                indegree[it]--;
                if (indegree[it] == 0) q.push(it);
            }
        }

        if (topo.size() == numCourses) return topo;
        return {};

    }
};"
0404bbb8,Alien Dictionary,https://www.geeksforgeeks.org/problems/alien-dictionary/1,gfg,hard,Graph,solved,"[STRIVER HARD] Main challenge is to form the graph of which letter comes before which letter from the words given, see where the ith and (i+1)th word differs and deduce that the letter in ith word comes before the letter in (i+1)th word - then just return the toposort of the graph if no cycle is present",2026-09-23,2026-09-24,https://www.youtube.com/watch?v=U3N_je7tWAs,"class Solution {
  public:
    string findOrder(vector<string> &words) {
        // code here
        //creating the adj list to store the directed graph of characters
        unordered_map<char, vector<char>> adj;
        // populating this adj matrix
        for(int i = 0; i<words.size()-1; i++){
            // find the first point of difference
            int flag = 1;
            int j = 0;
            while(words[i][j] == words[i+1][j]){
                j++;
                if (j>words[i].size()-1 || j>words[i+1].size()-1) {flag = 0; break;}
            }
            if (flag){
                adj[words[i][j]].push_back(words[i+1][j]);
            }
        }

        //find a toposort for this directed graph of characters
        queue<char> q;
        vector<char> topo;
        unordered_map<char, int> indegree;
        for(auto word : words) for(auto ch : word) indegree[ch] = 0;

        //populate the indegree matrix
        for(auto it1: adj) for(auto it2: it1.second) indegree[it2]++;
        //it1 will be a char in adj
        //adj[it1] will be the vector for that char and it2 will be the chars in that vector

        for(auto it: indegree) if (it.second == 0) q.push(it.first);

        while(!q.empty()){
            char node = q.front();
            topo.push_back(node);
            q.pop();
            //relax the degrees
            for(auto it: adj[node]) if (--indegree[it] == 0) q.push(it);
        }

        if (topo.size() == indegree.size()) return string(topo.begin(), topo.end());
        return """";
    }
};"
c979f0e9,Word ladder I,https://leetcode.com/problems/word-ladder/description/,leetcode,medium,Graph,solved,[STRIVER HARD] Store the words in an unordered set and then perform a bfs from beginword by changing every letter with all 26 alphabets for all the letter in the word and if that new word exists in the set then push it into the queue for bfs and MAKE SURE TO ERASE THE NEWWORD FORM THE SET JUST AFTER PUSHING IT INTO THE QUEUE,2026-09-23,2026-09-24,https://www.youtube.com/watch?v=tRPda0rcf8E,"class Solution {
public:
    int ladderLength(string beginWord, string endWord, vector<string>& wordList) {
        // storing the words in a set for faster search
        unordered_set<string> st(wordList.begin(), wordList.end());
        if (st.find(endWord) == st.end()) return 0; // word not in wordList so can be reached

        // queue for bfs traversal {word, depth}
        queue<pair<string,int>> q;
        q.push({beginWord, 1});
        while(!q.empty()){
            string word = q.front().first;
            int depth = q.front().second;
            q.pop();

            if (word == endWord) return depth;

            for(int i = 0; i<word.size(); i++){
                for(int j = 0; j<26; j++){
                    string nword = word;
                    nword[i] = 'a'+j;
                    if (st.find(nword)!=st.end()){//valid word according to the dictionary provided
                        q.push({nword, depth+1});
                        st.erase(nword);
                    }
                }
            }
        }
        return 0;
    }
};"
becf32be,Cheapest flight with K stops,https://leetcode.com/problems/cheapest-flights-within-k-stops/description/,leetcode,hard,Graph,solved,"[STRIVER HARD] For Cheapest Flights Within K Stops, use a BFS-like queue where each state is (node, cost, flights_used). Normal Dijkstra with a single dist[node] is not directly suitable because reaching the same node with a cheaper cost but more flights can be less useful than a more expensive path with fewer flights. The FIFO queue processes states level-by-level in terms of number of flights, so we can maintain a single price[node] to decide whether a newly found cheaper state should be enqueued. When relaxing edges, always use the cur_price stored in the queue, not price[node], because price[node] may have been updated after that particular state was inserted. If there are at most k stops, we can use at most k+1 flights; therefore, when a state has stops == k+1, we must not expand it further. Because the queue is FIFO and states are processed in increasing number of flights, once such a state is reached, all states with fewer flights have already been processed, and all valid paths with exactly k+1 flights have already been generated and their costs considered.",2026-09-23,2026-09-24,https://www.youtube.com/watch?v=9XybHVqTHcQ,"class Solution {
public:
    int findCheapestPrice(int n, vector<vector<int>>& flights, int src, int dst, int k) {
        //make an adj list for this flights array
        vector<vector<pair<int,int>>> adj(n); // from->{to, price},...
        for(int i = 0; i<flights.size(); i++) adj[flights[i][0]].push_back({flights[i][1], flights[i][2]});

        queue< pair<pair<int,int>,int>> pq; //{{price, node}, stop}
        vector<int> price(n, 1e9); price[src] = 0;

        pq.push({{0, src}, 0});

        //djkistra
        while(!pq.empty()){
            int cur_price = pq.front().first.first;
            int from = pq.front().first.second;
            int stops = pq.front().second;
            pq.pop();
            if (stops == k+1) break;

            for(auto& [to, prc]: adj[from]){
                if (price[to] > cur_price + prc){
                    price[to] = cur_price + prc;
                    pq.push({{price[to], to}, stops+1});
                }
            }
        }
        return (price[dst] == 1e9)? -1:price[dst];
    }
};

// 1. We cannot use a normal Dijkstra (PriorityQueue ordered by cost) with a single dist[] array.
//    Reason:
//    - A cheaper path to a node may already have used all K stops.
//    - A more expensive path to the same node with fewer stops remaining may still be able to reach the destination.
//    - If we only keep dist[node], the expensive-but-useful state gets discarded.

// 2. Instead, use a Queue (BFS by stops).
//    Queue state = (node, cost, stops)

// 3. The queue processes states in increasing order of stops:
//    0 stops -> 1 stop -> 2 stops -> ... -> K stops
//    This monotonic property is the reason a single dist[] works.

// 4. If a node is reached with fewer stops but higher cost, it is processed first.
//    It propagates to all possible neighbors before any later state with more stops reaches that node.
//    Hence, we do not lose any valid paths requiring more remaining stop budget.

// 5. Later, if the same node is reached with more stops but lower cost, we update dist[] and enqueue it.
//    This state has less remaining stop budget, so it cannot discover any new paths that the earlier (fewer stops) state couldn't already explore. It can only improve costs.

// 6. Always use the cost stored in the queue state while relaxing neighbors, NOT dist[node].
//    Reason:
//    dist[node] may have been updated after the state was enqueued.
//    Using dist[node] would incorrectly combine the cost from one path with the stop count from another path, creating a state that never actually existed.

// Summary:
// - Queue ordering by stops is the key invariant.
// - dist[] is only used to decide whether to enqueue a better-cost state.
// - Expansion must always use the cost stored in the queue entry."
6a753e20,Minimum multiplications to reach end,https://www.geeksforgeeks.org/problems/minimum-multiplications-to-reach-end/1,gfg,medium,Graph,solved,[STRIVER HARD] Use a normal bfs to explore all possibilities and since you are taking a mod 1000 there can be only 1000 nodes so keep track of which nodes got used using a bool array and end can be less than start since you are taking modulo1000 after multiplication,2026-09-23,2026-09-24,https://www.youtube.com/watch?v=_BvEJ3VIDWw&list=PLgUwDviBIf0oE3gA41TKO2H5bHpPd7fzn&index=40,"class Solution {
  public:
    int minSteps(vector<int>& arr, int start, int end) {
        
        //prforming bfs starting from start
        vector<bool> used(1000, false);
        queue<pair<int,int>> q;
        
        q.push({start, 0});
        used[start] = true;
        
        while (!q.empty()) {
            auto [num, steps] = q.front();
            q.pop();
        
            if (num == end)
                return steps;
        
            for (int factor : arr) {
                int newNum = (num * factor) % 1000;
        
                if (!used[newNum]) {
                    used[newNum] = true;
                    q.push({newNum, steps + 1});
                }
            }
        }
        
        return -1;
    }
};"
8adf14cb,Number of Ways to Arrive at Destination,https://leetcode.com/problems/number-of-ways-to-arrive-at-destination/description/,leetcode,hard,Graph,solved,"[STRIVER HARD] For Count Shortest Paths, use Dijkstra with a min-heap because the graph is weighted, and maintain dist[] for the minimum distance and ways[] for the number of shortest paths to each node. Initialize dist[src] = 0 and ways[src] = 1, since there is one way to reach the source. During relaxation, if newDist < dist[nbr], update dist[nbr] = newDist and set ways[nbr] = ways[node]; if newDist == dist[nbr], add ways[node] to ways[nbr] because another shortest path has been found. Use the distance stored in the priority queue entry (currDist) rather than dist[node], and skip stale entries with if (currDist > dist[node]) continue. Since the number of paths can become extremely large, take modulo 1e9+7 during every addition, not only at the end. Similarly, use a safe finite INF = 1e18 instead of LLONG_MAX, so currDist + weight cannot overflow. My mistakes were: using a normal queue instead of Dijkstra's priority queue, forgetting ways[src] = 1, writing ways[nbr] = ways[node] + 1 instead of ways[nbr] = ways[node], and initially allowing ways/dist values to overflow because I only applied modulo at the end and used LLONG_MAX as infinity.",2026-09-24,2026-09-24,https://www.youtube.com/watch?v=_-0mx0SmYxA,"class Solution {
public:
    int countPaths(int n, vector<vector<int>>& roads) {

        vector<vector<pair<int,int>>> adj(n);

        for(auto& road : roads){
            adj[road[0]].push_back({road[1], road[2]});
            adj[road[1]].push_back({road[0], road[2]});
        }

        int start = 0;
        int end = n - 1;

        vector<long long> ways(n, 0);
        vector<long long> dist(n, LLONG_MAX);

        // Dijkstra: {distance, node}
        priority_queue<
            pair<long long,int>,
            vector<pair<long long,int>>,
            greater<pair<long long,int>>
                                        > pq;

        dist[start] = 0;
        ways[start] = 1;
        pq.push({0, start});

        while(!pq.empty()){

            auto [currDist, node] = pq.top();
            pq.pop();

            // Ignore stale entry
            if(currDist != dist[node])
                continue;

            for(auto& [nbr, d] : adj[node]){
                long long newDist = currDist + d;

                if(dist[nbr] > newDist){
                    dist[nbr] = newDist;
                    ways[nbr] = ways[node];
                    pq.push({dist[nbr], nbr});
                }

                else if(dist[nbr] == newDist){
                    // Another shortest path to nbr
                    ways[nbr] = (ways[nbr] + ways[node])%(1000000007);
                }
            }
        }

        return ways[end];
    }
};"
5b290248,Bellman Ford Algorithm,https://www.geeksforgeeks.org/problems/distance-from-the-source-bellman-ford-algorithm/1,gfg,medium,Graph,solved,"[STRIVER HARD] this algo gives the min distance from the src to all the other nodes, just iterate through all the edge {from, to wt} pairs and ""relax them"" (see the code below), this algo can also be used to detect -ve cycles (see the code below)",2026-09-24,2026-09-25,https://www.youtube.com/watch?v=0vVofAhAYjc,"class Solution {
  public:
    vector<int> bellmanFord(int V, vector<vector<int>>& edges, int src) {
        // Code here
        vector<int> dist(V, 1e8);
        dist[src] = 0;
        
        for(int i = 0; i<V-1; ++i){
            //relaxing all the edges V-1 times
            for(auto& edge : edges){
                int u = edge[0];
                int v = edge[1];
                int w = edge[2];
                if(dist[u]!=1e8 && dist[u] + w < dist[v]) dist[v] = dist[u] + w;
            }
        }
        
        //checking for -ve cycle
        for(auto& edge : edges){
            int u = edge[0];
            int v = edge[1];
            int w = edge[2];
            if(dist[u]!=1e8 && dist[u] + w < dist[v]) return {-1};
        }
        
        return dist;
    }
};
"
1c0803a6,Floyd Warshall Algorithm,https://www.geeksforgeeks.org/problems/implementing-floyd-warshall2042/1,gfg,medium,Graph,solved,"[STRIVER HARD] used to find the shortest paths between all pairs of vertices in a weighted directed or undirected graph (multi source shortest path algo), also detects -ve cycles ( adjList[i][i]<0 => -ve cycle) Adjency matrix is used.",2026-09-24,2026-09-24,https://www.youtube.com/watch?v=YbY8cVwWAvw&list=PLgUwDviBIf0oE3gA41TKO2H5bHpPd7fzn&index=43,"class Solution {
  public:
    void floydWarshall(vector<vector<int>> &dist) {
        // Code here
        int n = dist.size();
        
        for(int via = 0; via<n; ++via){
            for(int from = 0; from<n; ++from){
                for(int to = 0; to<n; ++to){
                    if (!(dist[from][via] == 1e8 || dist[via][to] == 1e8)){
                        dist[from][to] = min(dist[from][to],dist[from][via] + dist[via][to]);
                    }
                }
            }
        }
    }
};"
373093b4,Find the City With the Smallest Number of Neighbours at a Threshold Distance,https://leetcode.com/problems/find-the-city-with-the-smallest-number-of-neighbors-at-a-threshold-distance/description/,leetcode,medium,Graph,solved,"[STRIVER HARD] can be done using Djikstra as well, but we used floyd warshal algo to find distance from every city to every city, then simply check for every ith city see the distance from jth city if it is below the threshold - inc the counter - take the city with min value of the counter",2026-09-24,2026-09-24,https://www.youtube.com/watch?v=PwMVNSJ5SLI,"class Solution {
public:
    int findTheCity(int n, vector<vector<int>>& edges, int distanceThreshold) {
        //using flloyd warshal algo

        //creating an adj Matrix *note the graph is undirected
        vector<vector<int>> adjMatrix(n, vector<int>(n, 1e9));
        for(int i = 0; i<n; ++i) adjMatrix[i][i] = 0; //dist to reach from i to i is 0
        for(auto& edge : edges) {
            adjMatrix[edge[0]][edge[1]] = edge[2];
            adjMatrix[edge[1]][edge[0]] = edge[2];
        }

        //flloyd warshal
        for(int via = 0; via<n; ++via){
            for(int from = 0; from<n; ++from){
                for(int to = 0; to<n; ++to){
                    if(adjMatrix[from][via] == 1e9 || adjMatrix[via][to] == 1e9) continue;
                    adjMatrix[from][to] = min(adjMatrix[from][to],
                                              adjMatrix[from][via] + adjMatrix[via][to]);
                }
            }
        }

        // count how many cities are below the threshold for a fiven city
        int cnt_min = INT_MAX;
        int max_city_with_cnt_min;
        for(int i = 0; i<n; i++){
            int cnt_i = 0;
            for(int j = 0; j<n; j++) if (adjMatrix[i][j] <= distanceThreshold) cnt_i++;
            if (cnt_min >= cnt_i){
                cnt_min = cnt_i;
                max_city_with_cnt_min = i;
            }
        }
        return max_city_with_cnt_min;
    }
};"
487b083b,Swim in Rising Water,https://leetcode.com/problems/swim-in-rising-water/description/,leetcode,hard,Graph,solved,"[STRIVER HARD] solev it using djikstra - greedily explore that path first which has the min max_pat_height, The important change is that the priority-queue value must represent the maximum height encountered on the entire path so far, not just the current cell's height. Therefore, when moving to a neighbour, we store max(pathHeight, grid[new_r][new_c]) in the priority queue,
priority queue finally stores - {path_max_height, node}",2026-09-24,2026-09-24,https://www.youtube.com/watch?v=amvrKlMLuGY,"class Solution {
public:
    int swimInWater(vector<vector<int>>& grid) {
        int n = grid.size();

        // we want to find the path with the smallest max path height (max path height is the max height encountered in that path)
        // dijkstra
        vector<vector<bool>> vis(n, vector<bool>(n, false));

        priority_queue<
            pair<int,int>,
            vector<pair<int,int>>,
            greater<pair<int,int>>
        > q; // {path_max_height, node_no. = (n*i+j)}

        q.push({grid[0][0], 0});
        vis[0][0] = true;

        vector<pair<int,int>> directions(4);
        directions[0] = {-1,0};
        directions[1] = {1,0};
        directions[2] = {0,-1};
        directions[3] = {0,1};

        while(!q.empty()) {
            auto [pathHeight, nodeNum] = q.top();
            q.pop();

            int r = nodeNum/n;
            int c = nodeNum%n;

            if(r == n-1 && c == n-1) return pathHeight; // we reached the destination

            for(auto& [d_r, d_c] : directions) {

                int new_r = r + d_r;
                int new_c = c + d_c;

                //checking validity
                if(new_r < 0 || new_r >= n || new_c < 0 || new_c >= n || vis[new_r][new_c]) continue;

                int newPathHeight = max(pathHeight, grid[new_r][new_c]);
                q.push({newPathHeight, n * new_r + new_c});
                vis[new_r][new_c] = true;
            }
        }
        return -1;
    }
};"
c0a9b647,Number of Island II,https://www.naukri.com/code360/problems/number-of-islands-ii_1266048,naukri.com,hard,Graph,solved,"[STRIVER HARD] The Number of Islands II problem is solved efficiently using DSU (Disjoint Set Union). Initially, every cell is treated as a separate component, but only cells that are converted to land are considered active. For each query, we turn the cell into land and increase the island count by 1. Then we check its four neighbouring cells; if a neighbour is already land and belongs to a different DSU component, we union the two components and decrease the island count by 1. Path compression and union by rank keep DSU operations nearly constant time, giving an overall complexity of approximately O(Q · α(NM)), where Q is the number of queries and α is the inverse Ackermann function.",2026-09-25,2026-09-25,https://www.youtube.com/watch?v=Rn6B-Q4SNyA,"class DSU {
	private:
		vector<int> parent, rank;
	public:
		//constructor
		DSU(int n) {
			rank.resize(n, 0);
			parent.resize(n);
			for(int i = 0; i<n; i++) parent[i] = i;
		}
		int ultimateParent(int node){
			if (node == parent[node]) return node;
			return parent[node] = ultimateParent(parent[node]);
		}
		bool unionByRank(int u, int v){
			int ultimateParentU = ultimateParent(u);
			int ultimateParentV = ultimateParent(v);
			if (ultimateParentU == ultimateParentV) return 0; //already in same grp

			//rank of u should always be less
			if(rank[ultimateParentU] > rank[ultimateParentV]) return unionByRank(v, u);
			
			//since rank of u is small it'll get attached to v
			parent[ultimateParentU] = ultimateParentV;
			//increase the rank of V grp if equally big chunk gets attached
			if (rank[ultimateParentU] == rank[ultimateParentV]) rank[ultimateParentV]++;
			return 1;
		}
};

vector<int> numOfIslandsII(int n, int m, vector<vector<int>> &q){
	DSU dsu(n*m);
	vector<vector<bool>> grid(n, vector<bool>(m, 0));

	vector<int> ans;
	int cntIslands = 0;

	//lambda functrions to help 
	auto isValidLand = [n,m,&grid](int r, int c){ return (r>=0 && r<n && c>=0 && c<m && grid[r][c]); };
	auto node = [m](int r, int c){ return (r*m + c); };

	for(auto& query : q){
		int r = query[0];
		int c = query[1];
		grid[r][c] = 1;
		cntIslands++;
		//this node is now land

		//check if there is any land in the neighbour, if there then club them
		if (isValidLand(r-1,c) && dsu.unionByRank(node(r-1,c), node(r,c))) cntIslands--; //up
		if (isValidLand(r+1,c) && dsu.unionByRank(node(r+1,c), node(r,c))) cntIslands--; //down
		if (isValidLand(r,c-1) && dsu.unionByRank(node(r,c-1), node(r,c))) cntIslands--; //left
		if (isValidLand(r,c+1) && dsu.unionByRank(node(r,c+1), node(r,c))) cntIslands--; //right

		ans.push_back(cntIslands);
	}
	return ans;
}"
fe18bb80,Making a Large Island,https://leetcode.com/problems/making-a-large-island/,leetcode,hard,Graph,solved,"[STRIVER HARD] The Largest Island problem is solved using DSU (Disjoint Set Union). First, all adjacent 1s are merged into connected components using union by size and path compression. Then, for every 0, we simulate flipping it to 1 and calculate the resulting island size by adding the sizes of its unique neighbouring components using a set of parent IDs. We take the maximum such size. If the grid contains no 0, the answer is n².",2026-09-25,2026-09-26,https://www.youtube.com/watch?v=lgiz0Oup6gM,"class DSU {
	private:
		vector<int> parent, size;
	public:
		//constructor
		DSU(int n) {
			size.resize(n, 1); //size represents the no. of members in that grp - initially only one - just itself
			parent.resize(n);
			for(int i = 0; i<n; i++) parent[i] = i;
		}
		int ultimateParent(int node){
			if (node == parent[node]) return node;
			return parent[node] = ultimateParent(parent[node]);
		}
		bool unionBySize(int u, int v){
			int ultimateParentU = ultimateParent(u);
			int ultimateParentV = ultimateParent(v);
			if (ultimateParentU == ultimateParentV) return 0; //already in same grp - no union needed

			//size of u-grp should always be less
			if(size[ultimateParentU] > size[ultimateParentV]) return unionBySize(v, u);
			
			//since size of u is small or equal it'll get attached to v
			parent[ultimateParentU] = ultimateParentV;
            size[ultimateParentV] += size[ultimateParentU];
			return 1;
		}
        int getSize(int node){
            return size[node];
        }
};

class Solution {
public:
    int largestIsland(vector<vector<int>>& grid) {
        //1st we will input the grid into our dsu dataset

        int n = grid.size();
        DSU dsu(n*n);

        //defining lambda functions dir vector to help 
        auto isValidLand = [n,&grid](int r, int c){ return (r>=0 && r<n && c>=0 && c<n && grid[r][c]); };
        auto node = [n](int r, int c){ return (r*n + c); };
        vector<pair<int,int>> dir = {{-1,0},{1,0},{0,-1},{0,1}};

        for(int r = 0; r<n; r++){
            for(int c = 0; c<n; c++){
                if(!grid[r][c]) continue;
                //check if there is any land in the neighbour, if there then club them
                for(auto& [dr, dc] : dir) if(isValidLand(r+dr, c+dc)) dsu.unionBySize(node(r+dr, c+dc), node(r, c));
            }
        }

        //now lets calculate the maxSize that we can get by flipping
        int maxIsland = 0;

        for(int r = 0; r<n; r++){
            for(int c = 0; c<n; c++){
                if(grid[r][c]) continue;

                //if the cell is '0' and get the ""land"" neighbours' size and add them
                int island = 1;
                unordered_set<int> usedParents;
                for(auto& [dr, dc] : dir){
                    if(isValidLand(r+dr, c+dc)){
                        int parent = dsu.ultimateParent(node(r+dr, c+dc));
                        if(usedParents.find(parent) == usedParents.end()){
                            island += dsu.getSize(parent);
                            usedParents.insert(parent);
                        }
                    }
                }

                maxIsland = max(maxIsland, island);
            }
        }
        return (maxIsland)? maxIsland:n*n;
    }
};"
f4d04e75,Most Stones Removed with Same Row or Column,https://leetcode.com/problems/most-stones-removed-with-same-row-or-column/description/,leetcode,hard,Graph,solved,"[STRIVER HARD] the main idea is to take rows and columns as nodes and grp them based on the stones position, if stone's on x,y -> group row x and col y, then you can remove all the stones in a grp leaving just one - like this if you'll sum all the removed stones you'll get total stones - total grps as ans",2026-09-26,2026-09-27,https://www.youtube.com/watch?v=OwMNX8SPavM,"class DSU {
	private:
		vector<int> parent, rank;
	public:
		//constructor
		DSU(int n) {
			rank.resize(n, 0);
			parent.resize(n);
			for(int i = 0; i<n; i++) parent[i] = i;
		}
		int ultimateParent(int node){
			if (node == parent[node]) return node;
			return parent[node] = ultimateParent(parent[node]);
		}
		bool unionByRank(int u, int v){
			int ultimateParentU = ultimateParent(u);
			int ultimateParentV = ultimateParent(v);
			if (ultimateParentU == ultimateParentV) return 0; //already in same grp

			//rank of u should always be less
			if(rank[ultimateParentU] > rank[ultimateParentV]) return unionByRank(v, u);
			
			//since rank of u is small it'll get attached to v
			parent[ultimateParentU] = ultimateParentV;
			//increase the rank of V grp if equally big chunk gets attached
			if (rank[ultimateParentU] == rank[ultimateParentV]) rank[ultimateParentV]++;
			return 1;
		}
        int getTotalGroups(){
            //only those ultimate parents with rank>0 is a grp
            int cnt = 0;
            for(int i = 0; i<parent.size(); ++i) if(parent[i] == i && rank[i]>0) cnt++;
            return cnt;
        }
};
class Solution {
public:
    int removeStones(vector<vector<int>>& stones) {
        //the idea is to make nodes of rows and columns and then how they'll be grouped will be decided by the position of stones
        //first we need to find the dimensions of rows and columns
        int m = 0, n=0; //rows x cols
        for(auto& stone : stones){
            m = max(m, stone[0]);
            n = max(n, stone[1]);
        }

        DSU dsu(n+m+2); // rows 0-m -> 0-m || cols 0-n -> m+1 - m+n+1

        for(auto& stone : stones){
            int rowNode = stone[0];
            int colNode = stone[1];
            //they both are now in same grp
            dsu.unionByRank(rowNode, colNode+m+1);
        }

        //count the no. of grps 
        return stones.size() - dsu.getTotalGroups();
    }
};"
f9c084c6,Kosaraju algorithm O(N+E),https://www.geeksforgeeks.org/problems/strongly-connected-components-kosarajus-algo/1,gfg,medium,Graph,solved,"[STRIVER HARD] this algo is finding the SCC, now the idea is if you do a dfs on sink you'll stay there and can isolate the sink vertices easily - but using topo sort finding the source vertex is easy (sorting in inc. order of finishing time), so we apply the toposort in the reversed graph to get the the source of reversed graph => sink of the actual graph then apply dfs in the order of toposort in actual graph",2026-09-26,2026-09-27,https://www.youtube.com/watch?v=V8qIqJxCioo&list=PLgUwDviBIf0rGEWe64KWas0Nryn7SCRWw&index=28,"class Solution {
  private:
  void dfs(vector<vector<int>>& graph, int node, vector<bool>& vis, stack<int>* topo = nullptr){
      //mark this node as visited
      vis[node] = true;
      //visit its neighbour in a dfs fashion
      for(auto& nbr : graph[node]){
          if (!vis[nbr]) dfs(graph, nbr, vis, topo);
      }
      //push the node into the stacl while returning to get the toposort
      if (topo) topo->push(node);
      return;
  }
  
  stack<int> getTopoSort(vector<vector<int>>& graph){
      int n = graph.size();
      vector<bool> vis(n, false);
      stack<int> topo;
      
      for(int node = 0; node<n; node++){
          if(!vis[node]) dfs(graph, node, vis, &topo);
      }
      return topo;
  }
  
  
  public:
    int countSCC(int V, vector<vector<int>> &edges) {
        //building the graph and reversed graph
        vector<vector<int>> graph(V);
        vector<vector<int>> reversedGraph(V);
        
        for(auto& edge : edges){
            graph[edge[0]].push_back(edge[1]);
            reversedGraph[edge[1]].push_back(edge[0]);
        }
        
        // doing topoSort in reversed graph to get the sinks in graph
        stack<int> topo = getTopoSort(reversedGraph);
        
        //doing dfs in graph in order of toposort to get count the SCCs
        vector<bool> vis(V, false);
        int scc = 0;
        
        while(!topo.empty()){
            int node = topo.top();
            if (!vis[node]){
                dfs(graph, node, vis);
                scc++;
            }
            topo.pop();
        }
        return scc;
    }
};"
4c80f856,Bridges in graph,https://leetcode.com/problems/critical-connections-in-a-network/,leetcode,hard,Graph,solved,[STIVER HARD] difficult to explain the intuition just read the code and see the video on 2x,2026-09-26,2026-09-27,https://youtu.be/qrAub5z8FeA,"class Solution {
private:
    int time = 0;
    void getCC(int node, int parent, vector<vector<int>>& graph, vector<bool>& vis, 
               vector<int>& insertion_time, vector<int>& lowest_time, vector<vector<int>>& CC){

        vis[node] = 1;
        insertion_time[node] = time;
        lowest_time[node] = time++;

        for(auto neighbour : graph[node]){
            // if parent - no need to do anything
            if (neighbour == parent) continue;
            //else explore the neighbour if not visited and while returning tak its time if lower
            if (!vis[neighbour]){
                getCC(neighbour, node, graph, vis, insertion_time, lowest_time, CC);
                // after exploring if we would have found any back edge aka cycle then the lowest of the neighboud would have been updated to a lower value than the node, if no cycle was found => it is a bridge
                lowest_time[node] = min(lowest_time[node], lowest_time[neighbour]);
                if (!(insertion_time[node] >= lowest_time[neighbour])){ //MAIN CONDITION
                    CC.push_back({node, neighbour});
                }
            }
            // if it is vis and not the parent then it is a cycle i.e. lowest_time needs to be updated
            else{
                lowest_time[node] = min(lowest_time[node], insertion_time[neighbour]);
            }
        }
        return;
    }
public:
    vector<vector<int>> criticalConnections(int n, vector<vector<int>>& connections) {
        vector<vector<int>> CC;
        vector<vector<int>> graph(n);
        vector<bool> vis(n, false);
        //make adj of graph
        for(auto edge : connections){
            graph[edge[0]].push_back(edge[1]);
            graph[edge[1]].push_back(edge[0]);
        }

        vector<int> insetion_time(n, -1);
        vector<int> lowest_time(n, -1);
        getCC(0, -1, graph, vis, insetion_time, lowest_time, CC);
        return CC;
    }
};"
beed3d5c,Articulation point in graph,https://www.geeksforgeeks.org/problems/articulation-point2616/1,gfg,hard,Graph,solved,[STIVER HARD] difficult to explain the intuition just read the code and see the video on 2x (similar to bridges in graph),2026-09-26,2026-09-27,https://youtu.be/j1QDfU21iZk,"class Solution {
  private:
  int timer = 0;
    void art_dfs(int node, int parent, vector<vector<int>>& graph, vector<int>& tin, 
                 vector<int>& low, vector<bool>& mark_art_point){
                     
        tin[node] = low[node] = ++timer;
        int child = 0;
        //check all the neighbours
        for(auto& nbr : graph[node]){
            if (nbr == parent) continue; // we don't care if its a parent - just skip
            if (tin[nbr] == 1e9){ //it's not visited
                //visit it 
                art_dfs(nbr, node, graph, tin, low, mark_art_point);
                //take it low if it is lower
                low[node] = min(low[node], low[nbr]);
                if(!(tin[node] > low[nbr]) && parent != -1) mark_art_point[node] = true; //MAIN CONDITION
                child++;
            }
            else{ //it's visited
                //take its insertion time then
                low[node] = min(low[node], tin[nbr]);
            }
        }
        
        if (child > 1 && parent == -1) mark_art_point[node] = true;
        return;
    }
    
  public:
    vector<int> articulationPoints(int V, vector<vector<int>>& edges) {
        //forminng the adj matrix for this UNDIRECTED GRAPH
        vector<vector<int>> graph(V);
        for(auto& edge : edges ){
            graph[edge[0]].push_back(edge[1]);
            graph[edge[1]].push_back(edge[0]);
        }
        
        //initialising helping vectors
        vector<int> tin(V, 1e9);
        vector<int> low(V, 1e9);
        vector<bool> mark_art_point(V, false);
        
        for(int i = 0; i<V; ++i){
            if(tin[i] != 1e9) continue; //already visited
            art_dfs(i, -1, graph, tin, low, mark_art_point);
        }
        
        vector<int> ans;
        for(int i = 0; i<V; ++i) if(mark_art_point[i]) ans.push_back(i);
        return ans.size()? ans:vector<int>{-1};
    }
};"
3f0a3e0c,Unique paths II,https://leetcode.com/problems/unique-paths-ii/,leetcode,medium,DP,solved,"[STRIVER HARD] The Unique Paths II problem can be solved using DP with memoization. Basically write the recursion exploring all the possibilities and then memoize it.
Define dp[i][j] as the number of valid paths from cell (i,j) to the destination. If the cell is outside the grid or is an obstacle, it contributes 0 paths. For the destination cell, the number of paths is 1. Otherwise, the number of paths from (i,j) is the sum of paths going right and down: dp[i][j] = dp[i][j+1] + dp[i+1][j]. Memoization ensures each cell is solved only once, giving O(n·m) time and O(n·m) space",2026-09-27,2026-09-27,https://www.youtube.com/watch?v=TmhpgXScLyY,"class Solution {
private:
    int possiblePaths(int i, int j, vector<vector<int>> &dp, vector<vector<int>>& obstacleGrid){
        int n = obstacleGrid.size();
        int m = obstacleGrid[0].size();
        if (i>=n || j >=m) return 0;
        if (obstacleGrid[i][j] == 1) return dp[i][j] = 0;
        if (i==n-1 && j ==m-1) return dp[i][j] = 1;
        if (dp[i][j] != -1) return dp[i][j];

        int right = possiblePaths(i,j+1,dp,obstacleGrid);
        int down = possiblePaths(i+1,j,dp,obstacleGrid);
        return dp[i][j] = right + down;
    }
public:
    int uniquePathsWithObstacles(vector<vector<int>>& obstacleGrid) {
        int n = obstacleGrid.size();
        int m = obstacleGrid[0].size();
        vector<vector<int>> dp(n, vector<int>(m, -1));
        return possiblePaths(0,0,dp,obstacleGrid);
        for(int i = 0; i<n; i++){
            for(int j = 0; j<m; j++){
                if (obstacleGrid[i][j] == 1) {dp[i][j] = 0;continue;}
                if (i == 0 && j == 0) {dp[i][j] = 1;continue;}
                int up = 0, left = 0;
                if (i>0) up = dp[i-1][j];
                if (j>0) left = dp[i][j-1];
                dp[i][j] = up + left;
            }
        }
        return dp[n-1][m-1];
    }
};"
e683f177,Cherry Pickup II,https://leetcode.com/problems/cherry-pickup-ii/description/,leetcode,medium,DP,solved,[STIVER HARD] same just explore all the possible paths - make sure to add the common square only once and write the recursion then memoize it,2026-09-27,2026-09-27,https://www.youtube.com/watch?v=QGfn7JeXK54,"class Solution {
private:
    int getMaxCherries(int i, int j1, int j2, vector<vector<int>>& grid, vector<vector<vector<int>>>& dp){
        //return the stored value dp
        if (dp[i][j1][j2] != -1) return dp[i][j1][j2];
     
        int m = grid.size();
        int n = grid[0].size();
        int Cherries = (j1 == j2)? grid[i][j1] : (grid[i][j1] + grid[i][j2]);
        int maxCherries = Cherries;

        //helper lambda function
        auto isValid = [m,n](int i, int j1, int j2){
            return (i<m && j1>=0 && j2>=0 && j1<n && j2<n);
        };
        
        //explore all possibilities
        for(int d_j1 = -1; d_j1<=1; ++d_j1){
            for(int d_j2 = -1; d_j2<=1; ++d_j2){
                if (!isValid(i+1, j1+d_j1, j2+d_j2)) continue; // the move should be a valid one
                // store the max cherries possible across all possible paths
                maxCherries = max(maxCherries, Cherries + getMaxCherries(i+1, j1+d_j1, j2+d_j2, grid, dp));
            }
        }

        return dp[i][j1][j2] = maxCherries;
    }
public:
    int cherryPickup(vector<vector<int>>& grid) {
        int m = grid.size();
        int n = grid[0].size();
        //memoize it
        vector<vector<vector<int>>> dp(m, vector<vector<int>>(n, vector<int>(n, -1)));
        return getMaxCherries(0, 0, n-1, grid, dp);
    }
};"
71d987be,Best Time to Buy and Sell Stock III,https://leetcode.com/problems/best-time-to-buy-and-sell-stock-iii/description/,leetcode,medium,DP,solved,[STRIVER HARD] again explore all possibility of buy/sell (according to current position and skip and return the max then memoize it,2026-09-27,2026-09-27,https://youtu.be/-uQGzhYj8BQ,"class Solution {
private:
    int getMaxProfit(int i, int trxn, vector<int>& prices, vector<vector<int>>& dp){
        //base case
        if (trxn == 4) return 0; // we have exhausted all our transactions
        if(i == prices.size()-1) { //now here obviously trxns < 3 and we have reached the end of the prices array 
                                   //so we need to square off any open position
            if (trxn%2 == 0) return dp[i][trxn] = 0; //nothing can be done, we can't open a long position here
            else return dp[i][trxn] = prices[i];     //we need close the open position here
        }

        //memoization
        if(dp[i][trxn] != -1) return dp[i][trxn];

        int buy_or_sell;
        if(trxn%2 == 0) buy_or_sell = -prices[i] + getMaxProfit(i+1, trxn+1, prices, dp); //buy
        else buy_or_sell = prices[i] + getMaxProfit(i+1, trxn+1, prices, dp); //sell
        
        int skip = getMaxProfit(i+1, trxn, prices, dp);

        return dp[i][trxn] = max(buy_or_sell, skip);
    }
public:
    int maxProfit(vector<int>& prices) {
        int n = prices.size();
        //dp for memoization
        vector<vector<int>> dp(n, vector<int>(4, -1));
        return getMaxProfit(0, 0, prices, dp);
        //trxn 0,2-> can buy since position 0
        //trxn 1,3-> need to sell since position +1
    }
};"
8c18bc2c,Best Time to Buy and Sell Stock IV,https://leetcode.com/problems/best-time-to-buy-and-sell-stock-iv/description/,leetcode,medium,DP,solved,"[STRIVER HARD] just instead of atmost 2 transactions we are making atmost k transactions, so just add k in the recursion - the code is 99% same",2026-09-27,2026-09-27,https://youtu.be/IV1dHbk5CDc,"class Solution {
private:
    int getMaxProfit(int i, int trxn, vector<int>& prices, vector<vector<int>>& dp, int k){
        //base case
        if (trxn == 2*k) return 0; // we have exhausted all our transactions
        if(i == prices.size()-1) { //now here obviously trxns < 3 and we have reached the end of the prices array 
                                   //so we need to square off any open position
            if (trxn%2 == 0) return dp[i][trxn] = 0; //nothing can be done, we can't open a long position here
            else return dp[i][trxn] = prices[i];     //we need close the open position here
        }

        //memoization
        if(dp[i][trxn] != -1) return dp[i][trxn];

        int buy_or_sell;
        if(trxn%2 == 0) buy_or_sell = -prices[i] + getMaxProfit(i+1, trxn+1, prices, dp, k); //buy
        else buy_or_sell = prices[i] + getMaxProfit(i+1, trxn+1, prices, dp, k); //sell
        
        int skip = getMaxProfit(i+1, trxn, prices, dp, k);

        return dp[i][trxn] = max(buy_or_sell, skip);
    }
public:
    int maxProfit(int k, vector<int>& prices) {
        int n = prices.size();
        //dp for memoization
        vector<vector<int>> dp(n, vector<int>(2*k, -1));
        return getMaxProfit(0, 0, prices, dp, k);
        //trxn even-> can buy since position 0
        //trxn odd-> need to sell since position +1
    }
};"
9f1414c5,Last Stone Weight II,https://leetcode.com/problems/last-stone-weight-ii/description/,leetcode,hard,DP,solved,"if we see the smashing operation at a high level - each stone's weight will either have a '+' or a '-' effect in the final answer and we ant to minimise the final answer so we need to partition the elements in two groups - '+' and '-' grp and we should aim to minimise abs{sum('+' grp) - sum('-' grp)}. Since sum('+' grp) + sum('-' grp) = total sum is fixed we need to minimise abs{totalSum - 2*sum('+' grp)}, basically we need to form a grp with the sum as close to totalSum/2 as possible",2026-09-28,2026-09-28,https://www.youtube.com/watch?v=GS_OqZb2CWc,"class Solution {
private:
    int getAsCloseToTarget(int i, int target, vector<int>& stones, vector<vector<int>>& dp){
        //Base case
        if(i == stones.size() || target == 0) return 0; //we have exhausted the stones or achieved the target so nothing to choose from

        //using memoization
        if (dp[i][target] != -1) return dp[i][target];

        // exploring all the possibilities and returning the sum that is closest to target

        //take the the ith element
        //this condition also ensures that take <= target
        int take = 0;
        if(stones[i] <= target) take = stones[i] + getAsCloseToTarget(i+1, target - stones[i], stones, dp); 

        //skip it
        int notTake = getAsCloseToTarget(i+1, target, stones, dp);
        
        // We want maximum sum <= target
        return dp[i][target] = max(take, notTake);
    }
     
public:
    int lastStoneWeightII(vector<int>& stones) {
        int n = stones.size();
        int totalSum = accumulate(stones.begin(), stones.end(), 0);
        //declating dp for memoization
        vector<vector<int>> dp(n, vector<int>(totalSum/2 + 1, -1));

        return totalSum - 2*getAsCloseToTarget(0, totalSum/2, stones, dp);
    }
};
// if we see the smashing operation at a high leve - wach stone's weight will ither have a '+' or a '-' eggect in the final answer
// and we ant to minimise the final answer so we need to partion the elements in two groups - '+' and '-' grp and we should aim to
// minimise abs{sum('+' grp) - sum('-' grp)}. Since sum('+' grp) + sum('-' grp) = total sum is fixed we need to minimise 
// abs{totalSum - 2*sum('+' grp)}, basically we need to form a grp with the sum as close to totalSum/2 as possible."
e3a45d8d,Coin Change II,https://leetcode.com/problems/coin-change-ii/description/,leetcode,medium,DP,solved,[STRIVER HARD] same explore all possibilities i.e to take or not take the current coin and return the total number of ways,2026-09-28,2026-09-28,https://www.youtube.com/watch?v=HgyouUi11zk,"class Solution {
private:
    int getCombinations(int i, int target, vector<int>& coins, vector<vector<int>>& dp){
        // Base Case - can we make the target amount using the last coin
        if (i==coins.size()-1){
            if(target%coins[i] == 0) return dp[i][target] = 1;
            else return dp[i][target] = 0;
        }

        //using memoization
        if (dp[i][target] != -1) return dp[i][target];

        //exploring all posiibilities
        int notTake = getCombinations(i+1,target,coins,dp);

        int take  = 0;
        if (coins[i] <= target) take = getCombinations(i,target-coins[i],coins,dp); //we do not move i, since there are an inf supply of coins

        //returning the total number of ways to achieve the target
        return dp[i][target] = take + notTake;
    }
public:
    int change(int amount, vector<int>& coins) {
        int n = coins.size();
        //declaring dp for memoization
        vector<vector<int>> dp(n, vector<int>(amount+1, -1));
        return getCombinations(0, amount, coins, dp);
    }
};"
5b882ccb,Rod Cutting,https://www.geeksforgeeks.org/problems/rod-cutting0840/1,gfg,medium,DP,solved,[STRIVER HARD] just explaore all cuts at a given rod length - write recursion then memoize it,2026-09-28,2026-09-28,https://www.youtube.com/watch?v=mO8XpGoJwuo,"// User function Template for C++

class Solution {
private:
    int solve(int rod_length, vector<int>& price, vector<int>& dp) {
        //base case
        if (rod_length == 0) return 0;
        
        //using memoization
        if (dp[rod_length] != -1) return dp[rod_length];

        int ans = 0;
        //exploring all possibile cutting lengts for n size rod so n-i>=0 always
        for (int i = 1; i <= rod_length; i++) {
            ans = max(ans, price[i-1] + solve(rod_length - i, price, dp));
        }
        //returning the max cost that we got after exploring all cuts
        return dp[rod_length] = ans;
    }

public:
    int cutRod(vector<int> &price) {
        int n = price.size();
        //declaration for memoization
        vector<int> dp(n+1, -1);
        return solve(n, price, dp);
    }
};"
64848f5b,Longest Increasing Subsequence (using binary search O(nLogn) ),https://leetcode.com/problems/longest-increasing-subsequence/description/,leetcode,hard,DP,solved,"the normal dp - memoization approach (O(n^2)) is easy but the main challenge is to think about the binary search approach - the code is provided for binary search and normal approach both

In Binary search approach our main goal is to find the length of LIS not the LIS, so we are overwriting in the same temp array to save space

There is also one O(n^2) algorithmic approach which ises O(n) space complexity which basically stores the length of LIS ending at ith index in a dp(n) array - see the printing LIS question where this algo is used and then backtracked to print the LIS",2026-09-28,2026-09-28,https://www.youtube.com/watch?v=on2hvxBXJH4&t=70s,"//Binar Search O(nlogn)
class Solution {
public:
    int lengthOfLIS(vector<int>& nums) {
        vector<int> temp;
        temp.push_back(nums[0]);
        int n = nums.size();

        for(int i = 1; i<n; i++){
            if (nums[i] > temp.back()) temp.push_back(nums[i]);
            else{
                auto it = lower_bound(temp.begin(), temp.end(), nums[i]);
                temp[it - temp.begin()] = nums[i];
            }
        }
        return temp.size();
    }
};

//DP O(n^2)
class Solution {
private:
    int f(int i, int prev, vector<int> &nums, vector<vector<int>> &dp){
        //base case
        if (i == nums.size()) return 0;
        if (dp[i][prev+1] != -1) return dp[i][prev+1];
        //explore all paths
        int take = INT_MIN;
        if (prev == -1 || nums[i] > nums[prev]) take = 1 + f(i+1, i, nums, dp);
        int notTake = f(i+1, prev, nums, dp);
        return dp[i][prev+1] = max(take, notTake);
    }
public:
    int lengthOfLIS(vector<int>& nums) {
        int n = nums.size();
        vector<vector<int>> dp(n, vector<int>(n+1, -1));
        return f(0,-1,nums,dp);
    }
};"
6591fb66,Printing Longest Increasing Subsequence,https://www.geeksforgeeks.org/problems/printing-longest-increasing-subsequence/1,gfg,hard,DP,solved,"[STRIVER HARD] we store the length of LIS ending at ith index in a dp(n) array, so we can get the length of LIS by choosing the max element of that dp array. Now for printing LIS, we backtrack using a parent_idx hash, while iterating to fill the dp array we maintain an 'lis_idx' which stores that index in the dp array which has the max value, so that while backtracking we can start form 'lis_idx', and we also maintain the parent_idx array which stores the idx of the element which can come before the current element - like this we backtrack and reverse and return",2026-09-28,2026-09-28,https://www.youtube.com/watch?v=IFfYfonAFGc,"class Solution {
  public:
    vector<int> getLIS(vector<int>& arr) {
        int n = arr.size();
        //Algorithmic approac to get the length of LIS + backtracking is used to print the LIS
        vector<int> dp(n, 1); // this dp array stores the length of LIS ending at i - so initially 1
        vector<int> parent_idx(n); //a hash that stores the parent index of an element in the LIS
        int lis_idx = 0;
        for(int i = 0; i<n; i++) parent_idx[i] = i;
        
        //O(n*n)
        for(int i = 1; i<n; i++){
            //look at all the prev_index
            for(int prev_i = 0; prev_i<i; prev_i++){
                if(arr[prev_i] < arr[i] && dp[prev_i] + 1 > dp[i]){ // a valid element to consider in the LIS
                    dp[i] = dp[prev_i] + 1;
                    if(dp[i] > dp[lis_idx]) lis_idx = i;
                    parent_idx[i] = prev_i;
                }
            }
        }
        
        //backtracking
        vector<int> lis;
        while(parent_idx[lis_idx] != lis_idx){
            lis.push_back(arr[lis_idx]);
            lis_idx = parent_idx[lis_idx];
        }
        lis.push_back(arr[lis_idx]);
        reverse(lis.begin(), lis.end());
        return lis;
    }
};"
ecda53f4,Minimum Insertion Steps to Make a String Palindrome,https://leetcode.com/problems/minimum-insertion-steps-to-make-a-string-palindrome/description/,leetcode,hard,DP,solved,[STRIVER HARD] the main trick is to understand that min no. of insertions to form a palindrome is nothing but {n - length of longest palindromic sequence} = {n - length of LCS of word and reversed word},2026-09-29,2026-09-29,https://www.youtube.com/watch?v=xPBLEj41rFU,"class Solution {
private:
    int getLCSLength(int i, int j, string &s, string &reversedS, vector<vector<int>> &dp) {
        int n = s.size();
        // Base case
        if (i == n || j == n) return 0;

        // using memoization
        if (dp[i][j] != -1) return dp[i][j];

        // LCS logic
        if (s[i] == reversedS[j])
            return dp[i][j] = 1 + getLCSLength(i+1, j+1, s, reversedS, dp);

        return dp[i][j] = max(getLCSLength(i+1, j, s, reversedS, dp), getLCSLength(i, j+1, s, reversedS, dp));
    }

public:
    int minInsertions(string s) {
        int n = s.size();

        string reversedS = s;
        reverse(reversedS.begin(), reversedS.end());

        vector<vector<int>> dp(n+1, vector<int>(n+1, -1));

        int LPS = getLCSLength(0, 0, s, reversedS, dp);

        return n - LPS;
    }
};"
aa99c25b,Shortest Common Supersequence,https://leetcode.com/problems/shortest-common-supersequence/description/,leetcode,hard,DP,solved,"[STRIVER HARD] you should be knowing how to print or traverse the LCS table then we need to backtrack in that table - the idea is to take the character that is common once and add the leftover characters. so the min length of the Supersequence is n+m-LCS(m,n).
for printing this Supersequence - start from that end of the LCS table where the final answer is stored then, traverse left or up, or down or right (depending upon where is you final answer) and diagonally to backtrace the dp calls and then print the letters accordingly - SEE CODE FOR BETTER UNDERSTANDING",2026-09-29,2026-09-29,https://www.youtube.com/watch?v=xElxAuBcvsU,"class Solution {
private:
    int getLCSLength(int i, int j, string &s1, string &s2, vector<vector<int>> &dp) {
        int m = s1.size();
        int n = s2.size();
        // Base case
        if (i == m || j == n) return 0;

        // using memoization
        if (dp[i][j] != -1) return dp[i][j];

        // LCS logic
        if (s1[i] == s2[j])
            return dp[i][j] = 1 + getLCSLength(i+1, j+1, s1, s2, dp);

        return dp[i][j] = max(getLCSLength(i+1, j, s1, s2, dp), getLCSLength(i, j+1, s1, s2, dp));
    }
public:
    string shortestCommonSupersequence(string str1, string str2) {
        int m = str1.size();
        int n = str2.size();

        vector<vector<int>> dp(m, vector<int>(n, -1));
        //populating this dp table
        getLCSLength(0, 0, str1, str2, dp);

        //backtracking
        //for visualization str1 is along the rows vertically and str2 is along the columns horizontally
        //our final answer is stored in dp[0][0]
        int i = 0, j = 0;
        string superSequence = """";
        while(i < m && j < n){
            //where did this value of dp[i][j] come from?

            //did it com from the diagonal?
            if(str1[i] == str2[j]){ //move diagonally down
                superSequence += str1[i];
                i++; j++;
            }

            //did it come from below?
            else if(i < m - 1 && dp[i][j] == dp[i+1][j]){ //move down
                superSequence += str1[i];
                i++;
            }

            //did it come from right? or if not then that implies dp[i+1][j] = dp[i][j+1] so we can move anywhere - so move right
            else{ //move right
                superSequence += str2[j];
                j++;
            }
        }
        //check which string have we exhausted
        if(i == m) superSequence += str2.substr(j); // str1 exhausted
        else if (j == n) superSequence += str1.substr(i); //str2 exhausted

        return superSequence;
    }
};"
cb66c695,Distinct Subsequences,https://leetcode.com/problems/distinct-subsequences/description/,leetcode,hard,DP,solved,"[STRIVER HARD] The idea is to count how many ways we can form t as a subsequence of s. At every position (i, j), if s[i] == t[j], we have two choices: take s[i] as the current character of t and look for t[j+1.....] in s[i+1.....], moving to (i+1, j+1), or skip s[i] and look for t[j...] in s[i+1...], moving to (i+1, j). If the characters don't match, we can only skip s[i]. When j == m, the entire t has been formed, so we return 1; when i == n while t is still remaining, we return 0, as there is still tleft to match.

Note: getDistinctSubsequences(i,j) represents the number of ways to form t[j...] using s[i...]. The recurrence is take + notTake when characters match, and only notTake otherwise. 
TC: O(n × m) 
SC: O(n × m)",2026-09-29,2026-09-29,https://www.youtube.com/watch?v=nVG7eTiD2bY,"class Solution {
private:
    int getDistinctSubsequences(int i, int j, string &s, string &t, vector<vector<int>> &dp) {
        int n = s.size();
        int m = t.size();

        // Base case
        // t is completely matched => 1 valid subsequence
        if (j == m) return 1;
        // s is exhausted but t is still left => impossible
        if (i == n) return 0;

        // using memoization
        if (dp[i][j] != -1) return dp[i][j];

        // If characters match: we can either take s[i] or skip iti]
        if (s[i] == t[j]) {
            return dp[i][j] = getDistinctSubsequences(i+1, j+1, s, t, dp) + getDistinctSubsequences(i+1, j, s, t, dp);
        }

        // If characters don't match, we cannot take s[i] we have to skip it
        return dp[i][j] = getDistinctSubsequences(i+1, j, s, t, dp);
    }

public:
    int numDistinct(string s, string t) {
        int n = s.size();
        int m = t.size();

        vector<vector<int>> dp(n, vector<int>(m, -1));

        return getDistinctSubsequences(0, 0, s, t, dp);
    }
};"
9a06f11f,Edit Distance,https://leetcode.com/problems/edit-distance/description/,leetcode,medium,DP,solved,"[STRIVER HARD] similar to all dp on stings, compare each char, if same move on to next, else try all operations and return the min",2026-09-29,2026-09-29,https://www.youtube.com/watch?v=fJaKO8FbDdo,"class Solution {
private:
    int min(int a, int b, int c){ return std::min(a, std::min(b,c));}
    int getMinOperations(int i, int j, string& w1, string& w2, vector<vector<int>>& dp){
        //Base case
        if(i == w1.size()) return w2.size()-j; //we have exhausted w1 so just insert whatever is left of w2
        if(j == w2.size()) return w1.size()-i; //we have exhausted w2 so just delete whatever is left of w1

        //using memoization
        if(dp[i][j] != -1) return dp[i][j];
         
        //if characters match - nothing to do
        if (w1[i] == w2[j]) return dp[i][j] = getMinOperations(i+1, j+1, w1, w2, dp);
        // if they don't then explore all operations
        else{
            int ins = 1 + getMinOperations(i, j+1, w1, w2, dp); // we have hypothetically inerted just before i so now still at i
            int del = 1 + getMinOperations(i+1, j, w1, w2, dp); // we have hypothetically deleted ith letter so moved ahead
            int rep = 1 + getMinOperations(i+1, j+1, w1, w2, dp);//we have hypothetically replaced the ith char with char w2[j]
            return dp[i][j] = min(ins,del,rep);
        }
        return -1;
    }
public:
    int minDistance(string word1, string word2) {
        int m = word1.size();
        int n = word2.size();
        //we have to convert word1 to word2 - so all operations will be on word1
        vector<vector<int>> dp(m, vector<int>(n,-1)); //for memoization
        return getMinOperations(0, 0, word1, word2, dp);
    }
};"
310365bb,Wildcard Matching,https://leetcode.com/problems/wildcard-matching/description/,leetcode,medium,DP,solved,"[STRIVER HARD] getMatch(i,j) means whether s[i...] can be matched with p[j...]. If the current characters match (or pattern has ?), move both pointers. If the pattern has *, there are two choices: * matches nothing, so move j, or * matches the current character, so move i while keeping j unchanged because * can match more characters. If neither condition is satisfied, the match fails.",2026-09-29,2026-09-29,https://www.youtube.com/watch?v=ZmlQ3vgAOMo,"class Solution {
private:
    bool getMatch(int i, int j, string &s, string &p, vector<vector<int>> &dp) {
        int n = s.size();
        int m = p.size();

        // Base case
        if (i == n && j == m) return true; // both string and pattern are exhausted
        if (i == n) { // string is exhausted, pattern must contain only '*'
            while (j < m) {
                if (p[j] != '*') return false;
                j++;
            }
            return true;
        }
        if (j == m) return false; // pattern is exhausted but string is left

        // using memoization
        if (dp[i][j] != -1) return dp[i][j];

        // if characters are matching or we have a '?' in the pattern
        if (s[i] == p[j] || p[j] == '?') return dp[i][j] = getMatch(i+1, j+1, s, p, dp);

        // '*' can either match nothing or match one/more characters
        if (p[j] == '*')
            return dp[i][j] = getMatch(i, j+1, s, p, dp) || getMatch(i+1, j, s, p, dp);

        // characters don't match
        return dp[i][j] = false;
    }

public:
    bool isMatch(string s, string p) {
        int n = s.size();
        int m = p.size();
        vector<vector<int>> dp(n, vector<int>(m, -1));
        return getMatch(0, 0, s, p, dp);
    }
};"
9ab85d15,Count Palindromic Subsequences,https://www.geeksforgeeks.org/problems/count-palindromic-subsequences/1,gfg,hard,DP,solved,"Range DP: Count Palindromic Subsequences

We apply the concept of range DP here by breaking the string into smaller subproblems with smaller ranges. To find the number of palindromes in s[i...j], we break it into smaller ranges based on the endpoints s[i] and s[j].

Case 1: If the endpoints s[i] != s[j]
We cannot use the endpoints to wrap any inner sequences to form new palindromes. We simply call for the number of palindromes in the left and right windows (s[i+1...j] and s[i...j-1]). Because the palindromes in the overlapping middle section s[i+1...j-1] are counted twice, we subtract them.

Formula: solve(i+1, j) + solve(i, j-1) - solve(i+1, j-1)

Case 2: If the endpoints s[i] == s[j]
We can now wrap the endpoints around any inner palindromic sequence to form a new palindrome. We take the base count of the left and right windows minus the overlap: solve(i+1, j) + solve(i, j-1) - solve(i+1, j-1).
We then add solve(i+1, j-1) because every palindrome in the middle range combines with the endpoints to form a new palindrome. Finally, we add 1 for the standalone 2-character palindrome ""s[i]s[j]"".

Formula: solve(i+1, j) + solve(i, j-1) + 1",2026-09-29,2026-09-30,,"class Solution {
  private:
    int getPallindromeInRange(int i, int j, string& s, vector<vector<int>>& dp){
        //Base case
        if (i == j) return dp[i][j] = 1; //sting of len 1 -> only one pallindrome possible
        if (i > j) return dp[i][j] = 0; //string exhausted
        
        //using memoization
        if(dp[i][j] != -1) return dp[i][j];
        
        //if endpoints are not equal
        if(s[i] != s[j])
        return dp[i][j] = getPallindromeInRange(i+1, j, s, dp) + getPallindromeInRange(i, j-1, s, dp) - getPallindromeInRange(i+1, j-1, s, dp);
        
        //if they are equal
        return dp[i][j] = 1 + getPallindromeInRange(i+1, j, s, dp) + getPallindromeInRange(i, j-1, s, dp);
        
    }
  public:
    /*You are required to complete below method */
    int countPS(string &s) {
        int n = s.size();
        // we will aplly a range dp solution
        vector<vector<int>> dp(n, vector<int>(n, -1));
        return getPallindromeInRange(0, n-1, s, dp);
    }
};"
e78059e7,Count Palindromic Subsequences having length 5,https://leetcode.com/problems/count-palindromic-subsequences/description/,leetcode,gaand_faad,DP,solved,"[STRIVER HARD] We apply the concept of prefix and suffix state tracking here - we break the length 5 palindrome into three parts: a 2-digit left pair, a center digit, and a matching reversed 2-digit right pair.
Our approach is that for finding the no. of length 5 palindromes, we iterate through the string treating each character as the center c. A valid length 5 palindrome will look like XY c YX.

step 1: preprocessing the right window
we precalculate the frequency of all single digits and 2-digit pairs for the entire string and store them in our right-side trackers (backwardFreq, backwardPair).

step 2: shifting the center and calculating
as we move our center idx from left to right:
first, we remove the current center digit s[idx] from the right side (depopulate) because the center cannot overlap with the right pairs.
second, we calculate palindromes centered here. For every possible 2-digit pair i (from 00 to 99), we multiply its frequency on the left (forwardPair[i]) by the frequency of its reversed pair on the right (backwardPair[rev(i)]), and add this to our total answer.
finally, we add the current center digit s[idx] into the left side (populate) so it can be used to form left pairs for the upcoming centers.

so FINALLY we get the total count by summing up these valid combinations for every index and applying modulo.",2026-09-30,2026-09-29,https://www.youtube.com/watch?v=vW3l7UvYmwQ,"long long MOD = 1000000007;

class Process {
    vector<int> forwardFreq = vector<int>(10, 0), backwardFreq = vector<int>(10, 0);
    vector<long long> forwardPair = vector<long long>(100, 0), backwardPair = vector<long long>(100, 0);
    vector<uint8_t> number;
    int idx = -1;

    int rev(int x) {return 10 * (x % 10) + x / 10;}

    void populate(vector<int>& freq, vector<long long>& pair, int digit, string dir) {
        for(int i = 0; i < 10; i++) {
            if(freq[i]) {
                int p = 10 * i + digit;
                if (dir == ""back"") p = rev(p);
                pair[p] += freq[i];
            }
        }
        freq[digit]++;
    }

    void depopulate(vector<int>& freq, vector<long long>& pair, int digit) {//we will always be depopulating backward one
        freq[digit]--;
        for(int i = 0; i < 10; i++) {
            if(freq[i]) {
                pair[10 * digit + i] -= freq[i];
            }
        }
    }

public:
    Process(string s) {
        int n = s.size();

        // storing the number in a digit array
        number.resize(n);
        for(int i = 0; i < n; i++) number[i] = s[i] - '0';

        // preprocessing backwardFreq and backwardPair
        for(int i = n - 1; i >= 0; i--) populate(backwardFreq, backwardPair, number[i], ""back"");
    }

    void incIdx() {idx++;}

    long long getPalindromesWithIdxCentre() {
        // current digit is the centre, so it should not belong to either the left pair or right pair
        // so 1st we remove current digit from the right side
        depopulate(backwardFreq, backwardPair, number[idx]);
        
        // then calculate the palindromes
        long long ans = 0;
        for(int i = 0; i < 100; i++) ans = (ans + forwardPair[i] * backwardPair[rev(i)]) % MOD;

        // then we dd current digit to the left side
        populate(forwardFreq, forwardPair, number[idx], ""fwrd"");

        return ans;
    }
};

class Solution {
public:
    int countPalindromes(string s) {

        int n = s.size();
        Process helperS(s);

        long long cnt = 0;
        for(int i = 0; i < n; i++) {
            helperS.incIdx();
            cnt = (cnt + helperS.getPalindromesWithIdxCentre()) % MOD;
        }
        return cnt;
    }
};"
